DOI,Composition,Pt_wt,Pt_size,Surface_area,N_doped,pH,Current_Density,Overpotential
10.1016/j.cej.2020.128205,PtEr,8.28,5,323,0,14,100,92.7
10.1016/j.cej.2020.128205,PtEr,8.28,5,323,0,14,10,16
10.1016/j.cej.2020.128205,PtEr,7.49,5,287,4.69,14,100,50
10.1016/j.cej.2020.128205,PtEr,7.49,5,287,4.69,14,10,7
